country,calendar_year,people_in_need,number_of_refugees,number_of_IDPs,year_of_crisis,years_since_crisis
Afghanistan,2011,4100000,2664436,450000,2011,0
Afghanistan,2012,5400000,2585570,492000,2011,1
Afghanistan,2013,8800000,2556502,631000,2011,2
Afghanistan,2014,9000000,2593332,805409,2011,3
Afghanistan,2015,7400000,2666294,1174306,2011,4
Afghanistan,2016,8100000,2501447,1200000,2011,5
Afghanistan,2017,9300000,2624265,1300000,2011,6
Afghanistan,2018,6500000,2681267,2600000,2011,7
Afghanistan,2019,6294000,2727556,4200000,2011,8
Afghanistan,2020,14000000,2594827,4800000,2011,9
Afghanistan,2021,18400000,2712869,5700000,2011,10
Afghanistan,2022,24380455,5661717,6600000,2011,11
Afghanistan,2023,29174379,6403144,5700000,2011,12
Afghanistan,2024,23666389,,,2011,13
Burkina Faso,2012,2300000,1431,,2012,0
Burkina Faso,2013,1400000,1584,,2012,1
Burkina Faso,2014,1300000,1823,,2012,2
Burkina Faso,2015,939148,2147,,2012,3
Burkina Faso,2016,1600000,2352,700,2012,4
Burkina Faso,2017,860600,2694,4900,2012,5
Burkina Faso,2019,1500000,11733,560000,2012,7
Burkina Faso,2020,2928111,15694,1100000,2012,8
Burkina Faso,2021,3533773,20209,1600000,2012,9
Burkina Faso,2022,4889324,29914,1900000,2012,10
Burkina Faso,2023,4648210,54869,2100000,2012,11
Burkina Faso,2024,6293939,,,2012,12
Cameroon,2014,6100000,10724,,2014,0
Cameroon,2015,2070000,10565,123959,2014,1
Cameroon,2016,2900000,10344,177000,2014,2
Cameroon,2017,2900000,11032,239000,2014,3
Cameroon,2018,3300000,45118,668000,2014,4
Cameroon,2019,4300000,66241,997000,2014,5
Cameroon,2020,6252268,78481,1000000,2014,6
Cameroon,2021,4406243,125477,937000,2014,7
Cameroon,2022,3934444,147352,1000000,2014,8
Cameroon,2023,4700311,110715,1100000,2014,9
Cameroon,2024,3369526,,,2014,10
Central African Republic,2011,1611853,162862,105206,2011,0
Central African Republic,2012,1920000,164568,51679,2011,1
Central African Republic,2013,4600000,252829,894421,2011,2
Central African Republic,2014,2200000,419000,533000,2011,3
Central African Republic,2015,2700000,471093,451986,2011,4
Central African Republic,2016,2400000,490879,412000,2011,5
Central African Republic,2017,2200000,545513,689000,2011,6
Central African Republic,2018,2500000,590858,641000,2011,7
Central African Republic,2019,2900000,610152,687000,2011,8
Central African Republic,2020,2600000,642161,686200,2011,9
Central African Republic,2021,2800000,737658,728000,2011,10
Central African Republic,2022,3053039,748344,516000,2011,11
Central African Republic,2023,3426462,759187,512000,2011,12
Central African Republic,2024,2801810,,,2011,13
Chad,2011,3883568,42640,124000,2011,0
Chad,2012,3000000,39650,90000,2011,1
Chad,2013,4200000,48640,19791,2011,2
Chad,2014,2870000,48211,111500,2011,3
Chad,2015,3000000,14921,107157,2011,4
Chad,2016,2300000,14176,108000,2011,5
Chad,2017,4600000,16325,158000,2011,6
Chad,2018,4859413,10895,90000,2011,7
Chad,2019,4269261,11163,203000,2011,8
Chad,2020,6400000,10388,342700,2011,9
Chad,2021,5496653,11771,421000,2011,10
Chad,2022,6149509,12811,300000,2011,11
Chad,2023,7672650,10196,538000,2011,12
Chad,2024,6009715,,,2011,13
Cote D'Ivoire,2011,1214900,154824,126668,2011,0
Cote D'Ivoire,2012,1100000,100638,45000,2011,1
Democratic Republic of the Congo,2011,7500000,491481,1709278,2011,0
Democratic Republic of the Congo,2012,5300000,509290,2669069,2011,1
Democratic Republic of the Congo,2013,14700000,499499,2963799,2011,2
Democratic Republic of the Congo,2014,6400000,516734,2857400,2011,3
Democratic Republic of the Congo,2015,7000000,14772,1500000,2011,4
Democratic Republic of the Congo,2016,7500000,13291,2200000,2011,5
Democratic Republic of the Congo,2017,7300000,13295,4500000,2011,6
Democratic Republic of the Congo,2018,13100000,13354,3100000,2011,7
Democratic Republic of the Congo,2019,12800000,12743,5700000,2011,8
Democratic Republic of the Congo,2020,25623884,12590,5300000,2011,9
Democratic Republic of the Congo,2021,19616782,14253,5500000,2011,10
Democratic Republic of the Congo,2022,27026244,13331,6000000,2011,11
Democratic Republic of the Congo,2023,26429388,13820,6900000,2011,12
Democratic Republic of the Congo,2024,25400000,,,2011,13
Djibouti,2011,120000,602,,2011,0
Djibouti,2012,200000,616,,2011,1
Djibouti,2013,300000,762,,2011,2
Djibouti,2014,300000,860,,2011,3
Djibouti,2015,300000,1059,,2011,4
Djibouti,2016,282417,1437,,2011,5
Djibouti,2017,289300,1761,,2011,6
Gambia,2014,289235,5085,,2014,0
Gambia,2015,566868,8473,,2014,1
Gambia,2016,182000,11589,,2014,2
Haiti,2011,3000000,33661,,2011,0
Haiti,2012,1200000,38549,,2011,1
Haiti,2013,900000,38659,,2011,2
Haiti,2014,817000,37142,103565,2011,3
Haiti,2016,1600000,29671,,2011,5
Haiti,2017,2500000,28424,,2011,6
Haiti,2018,2800000,27517,,2011,7
Haiti,2019,2600000,26734,53100,2011,8
Haiti,2020,5100000,25649,8700,2011,9
Haiti,2021,4355735,29454,237000,2011,10
Haiti,2022,4896979,30307,195000,2011,11
Haiti,2023,5200000,122139,313600,2011,12
Haiti,2024,5500000,/,,2011,13
Iraq,2014,5200000,369850,3276000,2014,0
Iraq,2015,8200000,34762,3290310,2014,1
Iraq,2016,11000000,29671,3000000,2014,2
Iraq,2017,11000000,28424,2600000,2014,3
Iraq,2018,8700000,27517,2000000,2014,4
Iraq,2019,6650000,26734,1500000,2014,5
Iraq,2020,4100000,25649,1200000,2014,6
Iraq,2021,4100000,29454,1200000,2014,7
Iraq,2022,2454198,30307,1200000,2014,8
Kenya,2011,3572000,8745,300000,2011,0
Kenya,2012,2700000,8914,,2011,1
Kenya,2013,1700000,8586,,2011,2
Kenya,2023,6446835,8004,171000,2011,12
Liberia,2011,75000,66780,,2011,0
Liberia,2012,200000,23405,,2011,1
Libya,2015,331302,6077,500000,2015,0
Libya,2016,2400000,8831,304000,2015,1
Libya,2017,1300000,11205,197000,2015,2
Libya,2018,1100000,13868,187000,2015,3
Libya,2019,822890,16033,411000,2015,4
Libya,2020,1000000,17523,278000,2015,5
Libya,2021,1250662,19090,160000,2015,6
Libya,2022,803587,17811,135000,2015,7
Mali,2012,6900000,149925,227930,2012,0
Mali,2013,3900000,152828,254822,2012,1
Mali,2014,1600000,139224,61621,2012,2
Mali,2015,1600000,154202,49883,2012,3
Mali,2016,2300000,156415,37000,2012,4
Mali,2017,3700000,150305,38000,2012,5
Mali,2018,4100000,158267,120000,2012,6
Mali,2019,3200000,164466,213400,2012,7
Mali,2020,6807194,164588,332700,2012,8
Mali,2021,5917269,183392,350000,2012,9
Mali,2022,7522833,225726,412000,2012,10
Mali,2023,8782254,249046,352000,2012,11
Mali,2024,7107194,,,2012,12
Mauritania,2012,800000,33741,,2012,0
Mauritania,2013,425495,34252,,2012,1
Mauritania,2014,390000,34079,,2012,2
Mauritania,2015,465000,34656,,2012,3
Mauritania,2016,468000,36263,..,2012,4
Mauritania,2017,539000,36525,..,2012,5
Mongolia,2011,769000,1985,,2011,0
Myanmar,2014,909000,478976,662400,2014,0
Myanmar,2015,540700,451804,644000,2014,1
Myanmar,2016,563000,490285,644000,2014,2
Myanmar,2017,525000,1156742,635000,2014,3
Myanmar,2018,863000,1145149,401000,2014,4
Myanmar,2019,941000,1076826,498000,2014,5
Myanmar,2020,986000,1103245,509600,2014,6
Myanmar,2021,1035782,1177327,650400,2014,7
Myanmar,2022,14369336,1251618,1500000,2014,8
Myanmar,2023,17619805,1283426,2900000,2014,9
Myanmar,2024,18590021,/,,2014,10
Nepal,2015,2800000,9051,50000,2015,0
Niger,2011,4262000,819,,2011,0
Niger,2012,6400000,824,,2011,1
Niger,2013,1821938,683,,2011,2
Niger,2014,5300000,712,50000,2011,3
Niger,2015,3400000,1383,152926,2011,4
Niger,2016,2000000,1230,136000,2011,5
Niger,2017,1900000,1363,144000,2011,6
Niger,2018,2449484,2715,156000,2011,7
Niger,2019,2300000,3063,316000,2011,8
Niger,2020,3680752,18853,524000,2011,9
Niger,2021,3821659,21901,264000,2011,10
Niger,2022,3654445,21946,377100,2011,11
Niger,2023,4319484,24794,379000,2011,12
Niger,2024,4500000,,,2011,13
Nigeria,2014,9500000,90865,2152000,2014,0
Nigeria,2015,4600000,167973,2095812,2014,1
Nigeria,2016,7000000,229290,2000000,2014,2
Nigeria,2017,8500000,238977,1700000,2014,3
Nigeria,2018,7700000,276834,2200000,2014,4
Nigeria,2019,7124606,295578,2700000,2014,5
Nigeria,2020,10600000,352960,2900000,2014,6
Nigeria,2021,8700000,383660,3300000,2014,7
Nigeria,2022,8364426,391120,4500000,2014,8
Nigeria,2023,8300000,410308,3400000,2014,9
Nigeria,2024,7945364,,,2014,10
Occupied Palestinian Territory,2011,2514398,94150,100000,2011,0
Occupied Palestinian Territory,2012,2500000,5100000,,2011,1
Occupied Palestinian Territory,2013,1800000,5100000,,2011,2
Occupied Palestinian Territory,2014,1900000,5100000,,2011,3
Occupied Palestinian Territory,2015,1900000,5241257,,2011,4
Occupied Palestinian Territory,2016,2300000,5340443,193000,2011,5
Occupied Palestinian Territory,2017,2000000,5442947,231000,2011,6
Occupied Palestinian Territory,2018,2500000,5545538,238000,2011,7
Occupied Palestinian Territory,2019,2500000,5629829,243000,2011,8
Occupied Palestinian Territory,2020,2400000,5703521,131000,2011,9
Occupied Palestinian Territory,2021,2400000,5792907,12000,2011,10
Occupied Palestinian Territory,2022,2075542,5887353,12000,2011,11
Occupied Palestinian Territory,2023,2087420,5968636,1700000,2011,12
Occupied Palestinian Territory,2024,3135275,,,2011,13
Philippines,2011,375000,952,,2011,0
Philippines,2012,600000,969,1159,2011,1
Philippines (Mindanao Action Plan),2013,530000,724,117369,2011,2
Philippines (Typhoon Haiyan),2014,3060000,653,119000,2011,3
Philippines (Zamboaga Crisis),2013,64600,,,2011,2
Congo,2013,9891,,,2013,0
Congo,2017,138000,13295,108000,2013,4
Congo,2020,1700000,12590,134000,2013,7
South Sudan,2011,3316425,1,240000,2011,0
South Sudan,2012,3600000,87009,,2011,1
South Sudan,2013,4500000,114470,331097,2011,2
South Sudan,2014,4400000,616191,1690000,2011,3
South Sudan,2015,6400000,778722,1696962,2011,4
South Sudan,2016,6000000,1436707,1800000,2011,5
South Sudan,2017,6100000,2439888,1900000,2011,6
South Sudan,2018,7000000,2285301,1900000,2011,7
South Sudan,2019,7207217,2234805,1600000,2011,8
South Sudan,2020,7500000,2188785,1500000,2011,9
South Sudan,2021,8310533,2362759,1900000,2011,10
South Sudan,2022,8872746,2295082,2100000,2011,11
South Sudan,2023,10000000,2292482,1700000,2011,12
South Sudan,2024,8996986,,,2011,13
Senegal,2014,2900000,14000,24000,2014,0
Senegal,2015,4300000,21267,24000,2014,1
Senegal,2016,620000,23054,24000,2014,2
Senegal,2017,379000,26584,22000,2014,3
Somalia,2011,3200000,1077048,1460000,2011,0
Somalia,2012,3800000,1136094,1360000,2011,1
Somalia,2013,3800000,,,2011,2
Somalia,2014,3180000,,1107000,2011,3
Somalia,2015,3200000,1123144,1223000,2011,4
Somalia,2016,4900000,1012320,1100000,2011,5
Somalia,2017,5000000,986386,825000,2011,6
Somalia,2018,5400000,949637,2600000,2011,7
Somalia,2019,4200000,901596,2600000,2011,8
Somalia,2020,5200000,812356,3000000,2011,9
Somalia,2021,5932722,776678,3000000,2011,10
Somalia,2022,7846888,786794,3900000,2011,11
Somalia,2023,8250301,842044,3900000,2011,12
Somalia,2024,6869716,,,2011,13
Sudan,2011,11544400,500014,500014,2011,0
Sudan,2012,500014,568943,1873300,2011,1
Sudan,2013,4300000,648942,1873300,2011,2
Sudan,2014,6100000,665908,3100000,2011,3
Sudan,2015,6600000,627080,3182286,2011,4
Sudan,2016,5800000,650391,3300000,2011,5
Sudan,2017,5800000,694556,2100000,2011,6
Sudan,2018,5500000,724787,2100000,2011,7
Sudan,2019,5674216,734780,2400000,2011,8
Sudan,2020,9328196,787823,2700000,2011,9
Sudan,2021,13446501,825290,3300000,2011,10
Sudan,2022,14257653,837188,3800000,2011,11
Sudan,2023,24681639,1496923,9100000,2011,12
Sudan,2024,24786370,,,2011,13
Syrian Arab Republic,2012,4000000,729000,2000000,2012,0
Syrian Arab Republic,2013,6800000,2468332,6500000,2012,1
Syrian Arab Republic,2014,10800000,3883554,6500000,2012,2
Syrian Arab Republic,2015,12200000,4873236,6600000,2012,3
Syrian Arab Republic,2016,13500000,5524511,6300000,2012,4
Syrian Arab Republic,2017,13500000,6310498,6800000,2012,5
Syrian Arab Republic,2018,13100000,6654374,6100000,2012,6
Syrian Arab Republic,2019,11708496,6615249,6600000,2012,7
Syrian Arab Republic,2020,11100000,6702910,6600000,2012,8
Syrian Arab Republic,2021,13400000,6848865,6700000,2012,9
Syrian Arab Republic,2022,14560823,6559736,6900000,2012,10
Syrian Arab Republic,2023,15334271,6355788,7200000,2012,11
Syrian Arab Republic,2024,16661471,,,2012,12
Ukraine,2015,1400000,321399,1678587,2015,0
Ukraine,2016,3100000,239062,1700000,2015,1
Ukraine,2017,3800000,139581,800000,2015,2
Ukraine,2018,3400000,93248,800000,2015,3
Ukraine,2019,3500000,59844,730000,2015,4
Ukraine,2020,3400000,35156,734200,2015,5
Ukraine,2021,3400000,27562,854000,2015,6
Ukraine,2022, -   ,5684177,5900000,2015,7
Ukraine,2023,17569676,5960362,3700000,2015,8
Ukraine,2024,14622301,,,2015,9
Yemen,2011,1800000,2323,463500,2011,0
Yemen,2012,6100000,2558,385000,2011,1
Yemen,2013,7700000,2428,307000,2011,2
Yemen,2014,14700000,2580,334090,2011,3
Yemen,2015,15900000,15901,2509068,2011,4
Yemen,2016,21200000,18427,2000000,2011,5
Yemen,2017,18800000,23555,2000000,2011,6
Yemen,2018,22200000,31145,2300000,2011,7
Yemen,2019,24100000,36522,3600000,2011,8
Yemen,2020,24300000,32433,3900000,2011,9
Yemen,2021,20700000,37615,4300000,2011,10
Yemen,2022,23458603,40147,4500000,2011,11
Yemen,2023,21640000,48044,4500000,2011,12
Yemen,2024,18182658,,,2011,13
Zimbabwe,2011,8000000,25048,54278,2011,0
Zimbabwe,2012,4600000,22059,57926,2011,1
Zimbabwe,2013,2200000,19734,60139,2011,2
Zimbabwe,2016,2800000,18141,/,2011,5
Zimbabwe,2019,5100000,10045,800,2011,8
Zimbabwe,2020,7481602,8575,21000,2011,9
Zimbabwe,2021,6800000,8115,44000,2011,10
Zimbabwe,2024,7611301,,,2011,13