Country,Year,Conflict Internal Displacements (Raw),Conflict Internal Displacements (Raw)
Afghanistan,2009,0,0
Afghanistan,2010,204000,204000
Afghanistan,2011,372000,372000
Afghanistan,2012,200800,200800
Afghanistan,2013,248000,248000
Afghanistan,2014,312386,312386
Afghanistan,2015,670818,670818
Afghanistan,2016,1305188,1305188
Afghanistan,2017,947784,947784
Afghanistan,2018,743558,743558
Afghanistan,2019,921384,921384
Afghanistan,2020,808278,808278
Afghanistan,2021,1446164,1446164
Afghanistan,2022,64848,64848
Afghanistan,2023,0,0
Burkina Faso,2016,1400,1400
Burkina Faso,2017,9822,9822
Burkina Faso,2018,84236,84236
Burkina Faso,2019,1026008,1026008
Burkina Faso,2020,1029920,1029920
Burkina Faso,2021,1364490,1364490
Burkina Faso,2022,876924,876924
Burkina Faso,2023,1426834,1426834
Cameroon,2014,80000,80000
Cameroon,2015,141078,141078
Cameroon,2016,165962,165962
Cameroon,2017,238754,238754
Cameroon,2018,917214,917214
Cameroon,2019,133138,133138
Cameroon,2020,245286,245286
Cameroon,2021,262904,262904
Cameroon,2022,277324,277324
Cameroon,2023,328094,328094
Central African Republic,2009,30000,30000
Central African Republic,2010,48000,48000
Central African Republic,2011,44360,44360
Central African Republic,2012,212000,212000
Central African Republic,2013,1870000,1870000
Central African Republic,2014,345400,345400
Central African Republic,2015,419586,419586
Central African Republic,2016,92410,92410
Central African Republic,2017,1078876,1078876
Central African Republic,2018,1019374,1019374
Central African Republic,2019,191962,191962
Central African Republic,2020,635238,635238
Central African Republic,2021,974050,974050
Central African Republic,2022,580816,580816
Central African Republic,2023,428886,428886
Chad,2009,0,0
Chad,2010,0,0
Chad,2011,0,0
Chad,2012,0,0
Chad,2013,0,0
Chad,2014,0,0
Chad,2015,72314,72314
Chad,2016,72556,72556
Chad,2017,11552,11552
Chad,2018,0,0
Chad,2019,116586,116586
Chad,2020,158248,158248
Chad,2021,84710,84710
Chad,2022,160494,160494
Chad,2023,236780,236780
Democratic Republic of the Congo,2009,2000000,2000000
Democratic Republic of the Congo,2010,800000,800000
Democratic Republic of the Congo,2011,336000,336000
Democratic Republic of the Congo,2012,2000000,2000000
Democratic Republic of the Congo,2013,2000000,2000000
Democratic Republic of the Congo,2014,2006800,2006800
Democratic Republic of the Congo,2015,1242000,1242000
Democratic Republic of the Congo,2016,1844200,1844200
Democratic Republic of the Congo,2017,4331534,4331534
Democratic Republic of the Congo,2018,3679232,3679232
Democratic Republic of the Congo,2019,3343538,3343538
Democratic Republic of the Congo,2020,4417780,4417780
Democratic Republic of the Congo,2021,5423566,5423566
Democratic Republic of the Congo,2022,8008740,8008740
Democratic Republic of the Congo,2023,7544680,7544680
Haiti,2019,4256,4256
Haiti,2020,15892,15892
Haiti,2021,40820,40820
Haiti,2022,212178,212178
Haiti,2023,490044,490044
Iraq,2009,0,0
Iraq,2010,0,0
Iraq,2011,16000,16000
Iraq,2012,0,0
Iraq,2013,23600,23600
Iraq,2014,4353528,4353528
Iraq,2015,2227092,2227092
Iraq,2016,1317228,1317228
Iraq,2017,2758998,2758998
Iraq,2018,300444,300444
Iraq,2019,207528,207528
Iraq,2020,134324,134324
Iraq,2021,113782,113782
Iraq,2022,64660,64660
Iraq,2023,42480,42480
Libya,2011,996000,996000
Libya,2012,0,0
Libya,2013,0,0
Libya,2014,681200,681200
Libya,2015,200000,200000
Libya,2016,312614,312614
Libya,2017,58636,58636
Libya,2018,140610,140610
Libya,2019,430480,430480
Libya,2020,78450,78450
Libya,2021,0,0
Libya,2022,728,728
Libya,2023,3404,3404
Mali,2012,454000,454000
Mali,2013,246000,246000
Mali,2014,38400,38400
Mali,2015,0,0
Mali,2016,12586,12586
Mali,2017,70262,70262
Mali,2018,251834,251834
Mali,2019,568050,568050
Mali,2020,553380,553380
Mali,2021,498348,498348
Mali,2022,307980,307980
Mali,2023,367738,367738
Myanmar,2009,150000,150000
Myanmar,2010,146000,146000
Myanmar,2011,100000,100000
Myanmar,2012,332000,332000
Myanmar,2013,107892,107892
Myanmar,2014,12400,12400
Myanmar,2015,32000,32000
Myanmar,2016,64000,64000
Myanmar,2017,113934,113934
Myanmar,2018,84868,84868
Myanmar,2019,159304,159304
Myanmar,2020,140388,140388
Myanmar,2021,895636,895636
Myanmar,2022,2012790,2012790
Myanmar,2023,2595800,2595800
Name,,Conflict Internal Displacements (Raw),Conflict Internal Displacements (Raw)
Niger,2009,0,0
Niger,2010,0,0
Niger,2011,0,0
Niger,2012,0,0
Niger,2013,0,0
Niger,2014,0,0
Niger,2015,93976,93976
Niger,2016,332024,332024
Niger,2017,79532,79532
Niger,2018,104000,104000
Niger,2019,112096,112096
Niger,2020,271434,271434
Niger,2021,220406,220406
Niger,2022,201994,201994
Niger,2023,361228,361228
Nigeria,2009,10000,10000
Nigeria,2010,10000,10000
Nigeria,2011,130000,130000
Nigeria,2012,126000,126000
Nigeria,2013,941000,941000
Nigeria,2014,1950600,1950600
Nigeria,2015,1473342,1473342
Nigeria,2016,1002320,1002320
Nigeria,2017,558854,558854
Nigeria,2018,1082928,1082928
Nigeria,2019,495426,495426
Nigeria,2020,337112,337112
Nigeria,2021,751104,751104
Nigeria,2022,296696,296696
Nigeria,2023,581596,581596
Occupied Palestinian Territory,2009,200000,200000
Occupied Palestinian Territory,2010,1200,1200
Occupied Palestinian Territory,2011,2200,2200
Occupied Palestinian Territory,2012,24000,24000
Occupied Palestinian Territory,2013,2200,2200
Occupied Palestinian Territory,2014,1002000,1002000
Occupied Palestinian Territory,2015,1482,1482
Occupied Palestinian Territory,2016,3202,3202
Occupied Palestinian Territory,2017,1400,1400
Occupied Palestinian Territory,2018,980,980
Occupied Palestinian Territory,2019,3032,3032
Occupied Palestinian Territory,2020,2002,2002
Occupied Palestinian Territory,2021,236422,236422
Occupied Palestinian Territory,2022,3588,3588
Occupied Palestinian Territory,2023,6876636,6876636
Somalia,2009,800000,800000
Somalia,2010,600000,600000
Somalia,2011,200000,200000
Somalia,2012,370000,370000
Somalia,2013,160000,160000
Somalia,2014,178000,178000
Somalia,2015,180000,180000
Somalia,2016,350000,350000
Somalia,2017,775116,775116
Somalia,2018,1156340,1156340
Somalia,2019,376458,376458
Somalia,2020,585036,585036
Somalia,2021,1097768,1097768
Somalia,2022,1242742,1242742
Somalia,2023,1346068,1346068
South Sudan,2011,700000,700000
South Sudan,2012,380946,380946
South Sudan,2013,766000,766000
South Sudan,2014,2608400,2608400
South Sudan,2015,397524,397524
South Sudan,2016,562458,562458
South Sudan,2017,1713538,1713538
South Sudan,2018,642606,642606
South Sudan,2019,517196,517196
South Sudan,2020,542298,542298
South Sudan,2021,858864,858864
South Sudan,2022,673388,673388
South Sudan,2023,564792,564792
Sudan,2009,1060000,1060000
Sudan,2010,980000,980000
Sudan,2011,230000,230000
Sudan,2012,1000000,1000000
Sudan,2013,940000,940000
Sudan,2014,1115000,1115000
Sudan,2015,287520,287520
Sudan,2016,194962,194962
Sudan,2017,34436,34436
Sudan,2018,81590,81590
Sudan,2019,167638,167638
Sudan,2020,158798,158798
Sudan,2021,884854,884854
Sudan,2022,627366,627366
Sudan,2023,12077332,12077332
Syrian Arab Republic,2009,0,0
Syrian Arab Republic,2010,0,0
Syrian Arab Republic,2011,312000,312000
Syrian Arab Republic,2012,4800000,4800000
Syrian Arab Republic,2013,7000000,7000000
Syrian Arab Republic,2014,2200000,2200000
Syrian Arab Republic,2015,2600000,2600000
Syrian Arab Republic,2016,4296996,4296996
Syrian Arab Republic,2017,5822544,5822544
Syrian Arab Republic,2018,3298952,3298952
Syrian Arab Republic,2019,3694280,3694280
Syrian Arab Republic,2020,3643946,3643946
Syrian Arab Republic,2021,911080,911080
Syrian Arab Republic,2022,341832,341832
Syrian Arab Republic,2023,348840,348840
Ukraine,2014,1293000,1293000
Ukraine,2015,1884836,1884836
Ukraine,2016,217842,217842
Ukraine,2017,42830,42830
Ukraine,2018,24324,24324
Ukraine,2019,120,120
Ukraine,2020,148,148
Ukraine,2021,80,80
Ukraine,2022,33740646,33740646
Ukraine,2023,1427822,1427822
Yemen,2009,300000,300000
Yemen,2010,352000,352000
Yemen,2011,350000,350000
Yemen,2012,264000,264000
Yemen,2013,40000,40000
Yemen,2014,200000,200000
Yemen,2015,4349936,4349936
Yemen,2016,955494,955494
Yemen,2017,320356,320356
Yemen,2018,503928,503928
Yemen,2019,796824,796824
Yemen,2020,285768,285768
Yemen,2021,753326,753326
Yemen,2022,551628,551628
Yemen,2023,159656,159656
Zimbabwe,2009,30000,30000
Zimbabwe,2012,560,560
